<?xml version="1.0" encoding="UTF-8"?>
<beans xmlns="http://www.springframework.org/schema/beans"
    xmlns:xsi="http://www.w3.org/2001/XMLSchema-instance"
    xmlns:mvc="http://www.springframework.org/schema/mvc"
    xmlns:context="http://www.springframework.org/schema/context"
    xsi:schemaLocation="http://www.springframework.org/schema/beans
        http://www.springframework.org/schema/beans/spring-beans-3.2.xsd
        http://www.springframework.org/schema/mvc
        http://www.springframework.org/schema/mvc/spring-mvc-3.2.xsd  
        http://www.springframework.org/schema/context
        http://www.springframework.org/schema/context/spring-context-3.2.xsd">

    <mvc:annotation-driven >
    <mvc:async-support default-timeout="600000"/> 
    </mvc:annotation-driven>

    <context:component-scan base-package="ttt.web" />
	<bean class="org.springframework.web.servlet.view.BeanNameViewResolver"/>

<bean id="jsonView" class="org.springframework.web.servlet.view.json.MappingJackson2JsonView"/>

    <bean class="org.springframework.web.servlet.view.InternalResourceViewResolver">
        <property name="prefix" value="/WEB-INF/jsp/" />
        <property name="suffix" value=".jsp" />
    </bean>
     <bean class="org.springframework.web.servlet.view.InternalResourceViewResolver">
        <property name="prefix" value="/WEB-INF/jsp/user" />
        <property name="suffix" value=".jsp" />
    </bean>
    
      <bean class="org.springframework.web.servlet.view.InternalResourceViewResolver">
        <property name="prefix" value="/WEB-INF/user" />
        <property name="suffix" value=".jsp" />
    </bean>
    

</beans>