<?xml version="1.0"?>

<assembly
	xsi:schemaLocation="http://maven.apache.org/plugins/maven-assembly-plugin/assembly/1.1.0 http://maven.apache.org/xsd/assembly-1.1.0.xsd"
	xmlns:xsi="http://www.w3.org/2001/XMLSchema-instance"
	xmlns="http://maven.apache.org/plugins/maven-assembly-plugin/assembly/1.1.0">

	<id>src</id>
	<formats>
		<format>tar.gz</format>
		<format>tar.bz2</format>
		<format>zip</format>
	</formats>
	<fileSets>
		<fileSet>
			<directory>${workspace_loc:/ttt}</directory>
			<includes>
				<include>README*</include>
				<include>LICENSE*</include>
				<include>NOTICE*</include>
				<include>pom.xml</include>
			</includes>
			<useDefaultExcludes>true</useDefaultExcludes>
		</fileSet>
		<fileSet>
			<directory>${workspace_loc:/ttt}/src</directory>
			<useDefaultExcludes>true</useDefaultExcludes>
		</fileSet>
	</fileSets>
</assembly>